{
    "rmse": 0.7004808698317855,
    "mae": 0.5308094913395577,
    "r2": 0.24348107116312045
}