{
    "rmse": 0.680322402163647,
    "mae": 0.5331776154340626,
    "r2": 0.24344968185081928
}